ID,Name,Age,DoB,Dept_Id,E-mail
1,Abhishek,23,05-01-93,1,Abhishek@yahoo.com
2,Charles,26,3/31/1990,2,Charles@yahoo.com
3,Suraj,35,09-06-81,3,Suraj@yahoo.com
4,Ram,43,7/21/1973,1,Ram@yahoo.com
5,Tony,25,04-04-91,2,Tony@yahoo.com
6,Rohit,31,8/25/1985,4,Rohit@yahoo.com
7,Jacob,29,06-05-87,1,Jacob@yahoo.com
8,John,26,3/26/1990,2,John@yahoo.com
9,Arun,30,02-10-86,3,Arun@yahoo.com
10,Akshay,34,01-12-82,4,Akshay@yahoo.com
11,Aniket,24,01-12-99,10,Aniket@yahoo.com
